[
{
  "model": "admin.logentry",
  "pk": 1,
  "fields": {
    "action_time": "2023-07-18T00:08:59.936Z",
    "user": 1,
    "content_type": 7,
    "object_id": "1",
    "object_repr": "첫번째글",
    "action_flag": 1,
    "change_message": "[{\"added\": {}}]"
  }
},
{
  "model": "admin.logentry",
  "pk": 2,
  "fields": {
    "action_time": "2023-07-18T05:34:11.523Z",
    "user": 1,
    "content_type": 7,
    "object_id": "2",
    "object_repr": "Another post",
    "action_flag": 2,
    "change_message": "[{\"changed\": {\"fields\": [\"Status\"]}}]"
  }
},
{
  "model": "admin.logentry",
  "pk": 3,
  "fields": {
    "action_time": "2023-07-18T05:34:13.654Z",
    "user": 1,
    "content_type": 7,
    "object_id": "2",
    "object_repr": "Another post",
    "action_flag": 2,
    "change_message": "[]"
  }
},
{
  "model": "admin.logentry",
  "pk": 4,
  "fields": {
    "action_time": "2023-07-18T06:26:42.138Z",
    "user": 1,
    "content_type": 7,
    "object_id": "3",
    "object_repr": "third post",
    "action_flag": 1,
    "change_message": "[{\"added\": {}}]"
  }
},
{
  "model": "admin.logentry",
  "pk": 5,
  "fields": {
    "action_time": "2023-07-18T06:31:18.087Z",
    "user": 1,
    "content_type": 7,
    "object_id": "1",
    "object_repr": "첫번째글",
    "action_flag": 2,
    "change_message": "[]"
  }
},
{
  "model": "admin.logentry",
  "pk": 6,
  "fields": {
    "action_time": "2023-07-18T06:33:03.338Z",
    "user": 1,
    "content_type": 7,
    "object_id": "3",
    "object_repr": "third post",
    "action_flag": 3,
    "change_message": ""
  }
},
{
  "model": "admin.logentry",
  "pk": 7,
  "fields": {
    "action_time": "2023-07-18T06:37:59.503Z",
    "user": 1,
    "content_type": 7,
    "object_id": "4",
    "object_repr": "third_title",
    "action_flag": 1,
    "change_message": "[{\"added\": {}}]"
  }
},
{
  "model": "admin.logentry",
  "pk": 8,
  "fields": {
    "action_time": "2023-07-19T06:29:39.669Z",
    "user": 1,
    "content_type": 8,
    "object_id": "1",
    "object_repr": "Comment by 홍길동 on [PB] Title 99",
    "action_flag": 2,
    "change_message": "[]"
  }
},
{
  "model": "admin.logentry",
  "pk": 9,
  "fields": {
    "action_time": "2023-07-19T06:29:46.577Z",
    "user": 1,
    "content_type": 8,
    "object_id": "1",
    "object_repr": "Comment by 홍길동 on [PB] Title 99",
    "action_flag": 2,
    "change_message": "[]"
  }
},
{
  "model": "admin.logentry",
  "pk": 10,
  "fields": {
    "action_time": "2023-07-19T06:30:01.713Z",
    "user": 1,
    "content_type": 8,
    "object_id": "1",
    "object_repr": "Comment by 홍길동 on [PB] Title 99",
    "action_flag": 2,
    "change_message": "[]"
  }
},
{
  "model": "admin.logentry",
  "pk": 11,
  "fields": {
    "action_time": "2023-07-19T06:30:18.594Z",
    "user": 1,
    "content_type": 8,
    "object_id": "1",
    "object_repr": "Comment by 홍길동 on [PB] Title 99",
    "action_flag": 2,
    "change_message": "[]"
  }
},
{
  "model": "admin.logentry",
  "pk": 12,
  "fields": {
    "action_time": "2023-07-19T06:30:36.889Z",
    "user": 1,
    "content_type": 7,
    "object_id": "104",
    "object_repr": "[PB] Title 99",
    "action_flag": 2,
    "change_message": "[]"
  }
},
{
  "model": "admin.logentry",
  "pk": 13,
  "fields": {
    "action_time": "2023-07-19T06:31:41.175Z",
    "user": 1,
    "content_type": 8,
    "object_id": "1",
    "object_repr": "Comment by 홍길동 on [PB] Title 99",
    "action_flag": 2,
    "change_message": "[]"
  }
},
{
  "model": "admin.logentry",
  "pk": 14,
  "fields": {
    "action_time": "2023-07-19T06:32:43.185Z",
    "user": 1,
    "content_type": 8,
    "object_id": "1",
    "object_repr": "Comment by 홍길동 on [PB] Title 99",
    "action_flag": 2,
    "change_message": "[]"
  }
},
{
  "model": "admin.logentry",
  "pk": 15,
  "fields": {
    "action_time": "2023-07-20T01:48:04.159Z",
    "user": 1,
    "content_type": 7,
    "object_id": "103",
    "object_repr": "[DF] Title 98",
    "action_flag": 2,
    "change_message": "[{\"changed\": {\"fields\": [\"Tags\"]}}]"
  }
},
{
  "model": "admin.logentry",
  "pk": 16,
  "fields": {
    "action_time": "2023-07-20T01:48:51.695Z",
    "user": 1,
    "content_type": 7,
    "object_id": "104",
    "object_repr": "[PB] Title 99",
    "action_flag": 2,
    "change_message": "[{\"changed\": {\"fields\": [\"Tags\"]}}]"
  }
},
{
  "model": "admin.logentry",
  "pk": 17,
  "fields": {
    "action_time": "2023-07-20T01:48:59.986Z",
    "user": 1,
    "content_type": 7,
    "object_id": "104",
    "object_repr": "[PB] Title 99",
    "action_flag": 2,
    "change_message": "[]"
  }
},
{
  "model": "admin.logentry",
  "pk": 18,
  "fields": {
    "action_time": "2023-07-20T02:05:13.400Z",
    "user": 1,
    "content_type": 7,
    "object_id": "101",
    "object_repr": "[PB] Title 96",
    "action_flag": 2,
    "change_message": "[{\"changed\": {\"fields\": [\"Tags\"]}}]"
  }
},
{
  "model": "admin.logentry",
  "pk": 19,
  "fields": {
    "action_time": "2023-07-20T02:05:17.669Z",
    "user": 1,
    "content_type": 7,
    "object_id": "100",
    "object_repr": "[PB] Title 95",
    "action_flag": 2,
    "change_message": "[{\"changed\": {\"fields\": [\"Tags\"]}}]"
  }
},
{
  "model": "admin.logentry",
  "pk": 20,
  "fields": {
    "action_time": "2023-07-20T02:05:45.795Z",
    "user": 1,
    "content_type": 7,
    "object_id": "97",
    "object_repr": "[PB] Title 92",
    "action_flag": 2,
    "change_message": "[{\"changed\": {\"fields\": [\"Tags\"]}}]"
  }
},
{
  "model": "admin.logentry",
  "pk": 21,
  "fields": {
    "action_time": "2023-07-20T04:48:56.127Z",
    "user": 1,
    "content_type": 7,
    "object_id": "96",
    "object_repr": "[PB] Title 91",
    "action_flag": 2,
    "change_message": "[{\"changed\": {\"fields\": [\"Tags\"]}}]"
  }
},
{
  "model": "admin.logentry",
  "pk": 22,
  "fields": {
    "action_time": "2023-07-20T04:55:54.680Z",
    "user": 1,
    "content_type": 7,
    "object_id": "95",
    "object_repr": "[PB] Title 90",
    "action_flag": 2,
    "change_message": "[{\"changed\": {\"fields\": [\"Slug\", \"Tags\"]}}]"
  }
},
{
  "model": "admin.logentry",
  "pk": 23,
  "fields": {
    "action_time": "2023-07-20T05:19:45.784Z",
    "user": 1,
    "content_type": 7,
    "object_id": "105",
    "object_repr": "Markdown post",
    "action_flag": 1,
    "change_message": "[{\"added\": {}}]"
  }
},
{
  "model": "admin.logentry",
  "pk": 24,
  "fields": {
    "action_time": "2023-07-20T08:08:56.269Z",
    "user": 1,
    "content_type": 7,
    "object_id": "88",
    "object_repr": "[PB] Title 83",
    "action_flag": 2,
    "change_message": "[{\"changed\": {\"fields\": [\"Tags\"]}}]"
  }
},
{
  "model": "admin.logentry",
  "pk": 25,
  "fields": {
    "action_time": "2023-07-21T00:24:58.238Z",
    "user": 1,
    "content_type": 11,
    "object_id": "1",
    "object_repr": "localhost:8000",
    "action_flag": 2,
    "change_message": "[{\"changed\": {\"fields\": [\"Domain name\", \"Display name\"]}}]"
  }
},
{
  "model": "auth.permission",
  "pk": 1,
  "fields": {
    "name": "Can add log entry",
    "content_type": 1,
    "codename": "add_logentry"
  }
},
{
  "model": "auth.permission",
  "pk": 2,
  "fields": {
    "name": "Can change log entry",
    "content_type": 1,
    "codename": "change_logentry"
  }
},
{
  "model": "auth.permission",
  "pk": 3,
  "fields": {
    "name": "Can delete log entry",
    "content_type": 1,
    "codename": "delete_logentry"
  }
},
{
  "model": "auth.permission",
  "pk": 4,
  "fields": {
    "name": "Can view log entry",
    "content_type": 1,
    "codename": "view_logentry"
  }
},
{
  "model": "auth.permission",
  "pk": 5,
  "fields": {
    "name": "Can add permission",
    "content_type": 2,
    "codename": "add_permission"
  }
},
{
  "model": "auth.permission",
  "pk": 6,
  "fields": {
    "name": "Can change permission",
    "content_type": 2,
    "codename": "change_permission"
  }
},
{
  "model": "auth.permission",
  "pk": 7,
  "fields": {
    "name": "Can delete permission",
    "content_type": 2,
    "codename": "delete_permission"
  }
},
{
  "model": "auth.permission",
  "pk": 8,
  "fields": {
    "name": "Can view permission",
    "content_type": 2,
    "codename": "view_permission"
  }
},
{
  "model": "auth.permission",
  "pk": 9,
  "fields": {
    "name": "Can add group",
    "content_type": 3,
    "codename": "add_group"
  }
},
{
  "model": "auth.permission",
  "pk": 10,
  "fields": {
    "name": "Can change group",
    "content_type": 3,
    "codename": "change_group"
  }
},
{
  "model": "auth.permission",
  "pk": 11,
  "fields": {
    "name": "Can delete group",
    "content_type": 3,
    "codename": "delete_group"
  }
},
{
  "model": "auth.permission",
  "pk": 12,
  "fields": {
    "name": "Can view group",
    "content_type": 3,
    "codename": "view_group"
  }
},
{
  "model": "auth.permission",
  "pk": 13,
  "fields": {
    "name": "Can add user",
    "content_type": 4,
    "codename": "add_user"
  }
},
{
  "model": "auth.permission",
  "pk": 14,
  "fields": {
    "name": "Can change user",
    "content_type": 4,
    "codename": "change_user"
  }
},
{
  "model": "auth.permission",
  "pk": 15,
  "fields": {
    "name": "Can delete user",
    "content_type": 4,
    "codename": "delete_user"
  }
},
{
  "model": "auth.permission",
  "pk": 16,
  "fields": {
    "name": "Can view user",
    "content_type": 4,
    "codename": "view_user"
  }
},
{
  "model": "auth.permission",
  "pk": 17,
  "fields": {
    "name": "Can add content type",
    "content_type": 5,
    "codename": "add_contenttype"
  }
},
{
  "model": "auth.permission",
  "pk": 18,
  "fields": {
    "name": "Can change content type",
    "content_type": 5,
    "codename": "change_contenttype"
  }
},
{
  "model": "auth.permission",
  "pk": 19,
  "fields": {
    "name": "Can delete content type",
    "content_type": 5,
    "codename": "delete_contenttype"
  }
},
{
  "model": "auth.permission",
  "pk": 20,
  "fields": {
    "name": "Can view content type",
    "content_type": 5,
    "codename": "view_contenttype"
  }
},
{
  "model": "auth.permission",
  "pk": 21,
  "fields": {
    "name": "Can add session",
    "content_type": 6,
    "codename": "add_session"
  }
},
{
  "model": "auth.permission",
  "pk": 22,
  "fields": {
    "name": "Can change session",
    "content_type": 6,
    "codename": "change_session"
  }
},
{
  "model": "auth.permission",
  "pk": 23,
  "fields": {
    "name": "Can delete session",
    "content_type": 6,
    "codename": "delete_session"
  }
},
{
  "model": "auth.permission",
  "pk": 24,
  "fields": {
    "name": "Can view session",
    "content_type": 6,
    "codename": "view_session"
  }
},
{
  "model": "auth.permission",
  "pk": 25,
  "fields": {
    "name": "Can add post",
    "content_type": 7,
    "codename": "add_post"
  }
},
{
  "model": "auth.permission",
  "pk": 26,
  "fields": {
    "name": "Can change post",
    "content_type": 7,
    "codename": "change_post"
  }
},
{
  "model": "auth.permission",
  "pk": 27,
  "fields": {
    "name": "Can delete post",
    "content_type": 7,
    "codename": "delete_post"
  }
},
{
  "model": "auth.permission",
  "pk": 28,
  "fields": {
    "name": "Can view post",
    "content_type": 7,
    "codename": "view_post"
  }
},
{
  "model": "auth.permission",
  "pk": 29,
  "fields": {
    "name": "Can add comment",
    "content_type": 8,
    "codename": "add_comment"
  }
},
{
  "model": "auth.permission",
  "pk": 30,
  "fields": {
    "name": "Can change comment",
    "content_type": 8,
    "codename": "change_comment"
  }
},
{
  "model": "auth.permission",
  "pk": 31,
  "fields": {
    "name": "Can delete comment",
    "content_type": 8,
    "codename": "delete_comment"
  }
},
{
  "model": "auth.permission",
  "pk": 32,
  "fields": {
    "name": "Can view comment",
    "content_type": 8,
    "codename": "view_comment"
  }
},
{
  "model": "auth.permission",
  "pk": 33,
  "fields": {
    "name": "Can add tag",
    "content_type": 9,
    "codename": "add_tag"
  }
},
{
  "model": "auth.permission",
  "pk": 34,
  "fields": {
    "name": "Can change tag",
    "content_type": 9,
    "codename": "change_tag"
  }
},
{
  "model": "auth.permission",
  "pk": 35,
  "fields": {
    "name": "Can delete tag",
    "content_type": 9,
    "codename": "delete_tag"
  }
},
{
  "model": "auth.permission",
  "pk": 36,
  "fields": {
    "name": "Can view tag",
    "content_type": 9,
    "codename": "view_tag"
  }
},
{
  "model": "auth.permission",
  "pk": 37,
  "fields": {
    "name": "Can add tagged item",
    "content_type": 10,
    "codename": "add_taggeditem"
  }
},
{
  "model": "auth.permission",
  "pk": 38,
  "fields": {
    "name": "Can change tagged item",
    "content_type": 10,
    "codename": "change_taggeditem"
  }
},
{
  "model": "auth.permission",
  "pk": 39,
  "fields": {
    "name": "Can delete tagged item",
    "content_type": 10,
    "codename": "delete_taggeditem"
  }
},
{
  "model": "auth.permission",
  "pk": 40,
  "fields": {
    "name": "Can view tagged item",
    "content_type": 10,
    "codename": "view_taggeditem"
  }
},
{
  "model": "auth.permission",
  "pk": 41,
  "fields": {
    "name": "Can add site",
    "content_type": 11,
    "codename": "add_site"
  }
},
{
  "model": "auth.permission",
  "pk": 42,
  "fields": {
    "name": "Can change site",
    "content_type": 11,
    "codename": "change_site"
  }
},
{
  "model": "auth.permission",
  "pk": 43,
  "fields": {
    "name": "Can delete site",
    "content_type": 11,
    "codename": "delete_site"
  }
},
{
  "model": "auth.permission",
  "pk": 44,
  "fields": {
    "name": "Can view site",
    "content_type": 11,
    "codename": "view_site"
  }
},
{
  "model": "auth.user",
  "pk": 1,
  "fields": {
    "password": "pbkdf2_sha256$600000$FcKvjzlNIpoyt4Jkl5TlyC$GIGnrXMeQ7bFNlRF+UR6QBWneTZzt82EKPbygNjLBXE=",
    "last_login": "2023-07-19T06:13:10.613Z",
    "is_superuser": true,
    "username": "admin",
    "first_name": "",
    "last_name": "",
    "email": "admin@admin.com",
    "is_staff": true,
    "is_active": true,
    "date_joined": "2023-07-17T02:22:17.176Z",
    "groups": [],
    "user_permissions": []
  }
},
{
  "model": "contenttypes.contenttype",
  "pk": 1,
  "fields": {
    "app_label": "admin",
    "model": "logentry"
  }
},
{
  "model": "contenttypes.contenttype",
  "pk": 2,
  "fields": {
    "app_label": "auth",
    "model": "permission"
  }
},
{
  "model": "contenttypes.contenttype",
  "pk": 3,
  "fields": {
    "app_label": "auth",
    "model": "group"
  }
},
{
  "model": "contenttypes.contenttype",
  "pk": 4,
  "fields": {
    "app_label": "auth",
    "model": "user"
  }
},
{
  "model": "contenttypes.contenttype",
  "pk": 5,
  "fields": {
    "app_label": "contenttypes",
    "model": "contenttype"
  }
},
{
  "model": "contenttypes.contenttype",
  "pk": 6,
  "fields": {
    "app_label": "sessions",
    "model": "session"
  }
},
{
  "model": "contenttypes.contenttype",
  "pk": 7,
  "fields": {
    "app_label": "blog",
    "model": "post"
  }
},
{
  "model": "contenttypes.contenttype",
  "pk": 8,
  "fields": {
    "app_label": "blog",
    "model": "comment"
  }
},
{
  "model": "contenttypes.contenttype",
  "pk": 9,
  "fields": {
    "app_label": "taggit",
    "model": "tag"
  }
},
{
  "model": "contenttypes.contenttype",
  "pk": 10,
  "fields": {
    "app_label": "taggit",
    "model": "taggeditem"
  }
},
{
  "model": "contenttypes.contenttype",
  "pk": 11,
  "fields": {
    "app_label": "sites",
    "model": "site"
  }
},
{
  "model": "sessions.session",
  "pk": "2s82wn581b8f2uuh4lpqjafxws6euajb",
  "fields": {
    "session_data": ".eJxVjMEOwiAQRP-FsyGwpQt49N5vIMtCpGogKe3J-O-2SQ96m8x7M28RaFtL2HpewpzEVWhx-e0i8TPXA6QH1XuT3Oq6zFEeijxpl1NL-XU73b-DQr3sa6PsoLxlIOVHrY1nF1WODIgmeUIdHbPSMSEgKXQANPhhjxpGwmTF5wu3vTbF:1qLdL1:8RVj_aJgR2Hgo66DVIqe2S8-vbh1NLj4LGkERjgswoo",
    "expire_date": "2023-08-01T05:33:31.282Z"
  }
},
{
  "model": "sessions.session",
  "pk": "cgcw74ct5qk6s2j7lyacecge0a37xkpe",
  "fields": {
    "session_data": ".eJxVjMEOwiAQRP-FsyGwpQt49N5vIMtCpGogKe3J-O-2SQ96m8x7M28RaFtL2HpewpzEVWhx-e0i8TPXA6QH1XuT3Oq6zFEeijxpl1NL-XU73b-DQr3sa6PsoLxlIOVHrY1nF1WODIgmeUIdHbPSMSEgKXQANPhhjxpGwmTF5wu3vTbF:1qLYGJ:X06Pz7jmu3fyMJ05qQ8OZkA1sqXmaBOc2MEEzUkbZKs",
    "expire_date": "2023-08-01T00:08:19.375Z"
  }
},
{
  "model": "sessions.session",
  "pk": "hsvp0z71y78zmyvggbprpg7kd37rbmgg",
  "fields": {
    "session_data": ".eJxVjMEOwiAQRP-FsyGwpQt49N5vIMtCpGogKe3J-O-2SQ96m8x7M28RaFtL2HpewpzEVWhx-e0i8TPXA6QH1XuT3Oq6zFEeijxpl1NL-XU73b-DQr3sa6PsoLxlIOVHrY1nF1WODIgmeUIdHbPSMSEgKXQANPhhjxpGwmTF5wu3vTbF:1qLDug:vMXaleWSJCi8RhTjaQ8ZHHe_EGZhHlnvNPXWRxUsI0o",
    "expire_date": "2023-07-31T02:24:38.760Z"
  }
},
{
  "model": "sessions.session",
  "pk": "pg8b70kswif67cocchmnu9244ume8ft7",
  "fields": {
    "session_data": ".eJxVjMEOwiAQRP-FsyGwpQt49N5vIMtCpGogKe3J-O-2SQ96m8x7M28RaFtL2HpewpzEVWhx-e0i8TPXA6QH1XuT3Oq6zFEeijxpl1NL-XU73b-DQr3sa6PsoLxlIOVHrY1nF1WODIgmeUIdHbPSMSEgKXQANPhhjxpGwmTF5wu3vTbF:1qM0Qw:XnwDGZILawQvOHthT7LVK2MhWozgeb_fvEwGGHNmhko",
    "expire_date": "2023-08-02T06:13:10.620Z"
  }
},
{
  "model": "blog.post",
  "pk": 1,
  "fields": {
    "title": "첫번째글",
    "slug": "slug",
    "body": "글내용",
    "publish": "2023-07-18T00:08:22Z",
    "created": "2023-07-18T00:08:59.930Z",
    "updated": "2023-07-18T06:31:18.083Z",
    "status": "PB",
    "author": 1
  }
},
{
  "model": "blog.post",
  "pk": 2,
  "fields": {
    "title": "Another post",
    "slug": "another-post",
    "body": "Post body",
    "publish": "2023-07-18T00:19:42Z",
    "created": "2023-07-18T00:19:51.108Z",
    "updated": "2023-07-18T05:34:13.651Z",
    "status": "PB",
    "author": 1
  }
},
{
  "model": "blog.post",
  "pk": 4,
  "fields": {
    "title": "third_title",
    "slug": "한글-슬러그",
    "body": "body content",
    "publish": "2023-07-18T06:37:31Z",
    "created": "2023-07-18T06:37:59.499Z",
    "updated": "2023-07-18T06:37:59.499Z",
    "status": "PB",
    "author": 1
  }
},
{
  "model": "blog.post",
  "pk": 5,
  "fields": {
    "title": "[DF] Title 0",
    "slug": "slug-0",
    "body": "This is Post #0",
    "publish": "2023-07-19T01:43:46.017Z",
    "created": "2023-07-19T01:43:46.018Z",
    "updated": "2023-07-19T01:43:46.018Z",
    "status": "DF",
    "author": 1
  }
},
{
  "model": "blog.post",
  "pk": 6,
  "fields": {
    "title": "[PB] Title 1",
    "slug": "slug-1",
    "body": "This is Post #1",
    "publish": "2023-07-19T01:43:46.029Z",
    "created": "2023-07-19T01:43:46.029Z",
    "updated": "2023-07-19T01:43:46.029Z",
    "status": "PB",
    "author": 1
  }
},
{
  "model": "blog.post",
  "pk": 7,
  "fields": {
    "title": "[DF] Title 2",
    "slug": "slug-2",
    "body": "This is Post #2",
    "publish": "2023-07-19T01:43:46.038Z",
    "created": "2023-07-19T01:43:46.038Z",
    "updated": "2023-07-19T01:43:46.038Z",
    "status": "DF",
    "author": 1
  }
},
{
  "model": "blog.post",
  "pk": 8,
  "fields": {
    "title": "[DF] Title 3",
    "slug": "slug-3",
    "body": "This is Post #3",
    "publish": "2023-07-19T01:43:46.046Z",
    "created": "2023-07-19T01:43:46.046Z",
    "updated": "2023-07-19T01:43:46.046Z",
    "status": "DF",
    "author": 1
  }
},
{
  "model": "blog.post",
  "pk": 9,
  "fields": {
    "title": "[PB] Title 4",
    "slug": "slug-4",
    "body": "This is Post #4",
    "publish": "2023-07-19T01:43:46.054Z",
    "created": "2023-07-19T01:43:46.055Z",
    "updated": "2023-07-19T01:43:46.055Z",
    "status": "PB",
    "author": 1
  }
},
{
  "model": "blog.post",
  "pk": 10,
  "fields": {
    "title": "[PB] Title 5",
    "slug": "slug-5",
    "body": "This is Post #5",
    "publish": "2023-07-19T01:43:46.063Z",
    "created": "2023-07-19T01:43:46.064Z",
    "updated": "2023-07-19T01:43:46.064Z",
    "status": "PB",
    "author": 1
  }
},
{
  "model": "blog.post",
  "pk": 11,
  "fields": {
    "title": "[PB] Title 6",
    "slug": "slug-6",
    "body": "This is Post #6",
    "publish": "2023-07-19T01:43:46.071Z",
    "created": "2023-07-19T01:43:46.071Z",
    "updated": "2023-07-19T01:43:46.071Z",
    "status": "PB",
    "author": 1
  }
},
{
  "model": "blog.post",
  "pk": 12,
  "fields": {
    "title": "[DF] Title 7",
    "slug": "slug-7",
    "body": "This is Post #7",
    "publish": "2023-07-19T01:43:46.080Z",
    "created": "2023-07-19T01:43:46.080Z",
    "updated": "2023-07-19T01:43:46.080Z",
    "status": "DF",
    "author": 1
  }
},
{
  "model": "blog.post",
  "pk": 13,
  "fields": {
    "title": "[DF] Title 8",
    "slug": "slug-8",
    "body": "This is Post #8",
    "publish": "2023-07-19T01:43:46.087Z",
    "created": "2023-07-19T01:43:46.087Z",
    "updated": "2023-07-19T01:43:46.087Z",
    "status": "DF",
    "author": 1
  }
},
{
  "model": "blog.post",
  "pk": 14,
  "fields": {
    "title": "[DF] Title 9",
    "slug": "slug-9",
    "body": "This is Post #9",
    "publish": "2023-07-19T01:43:46.095Z",
    "created": "2023-07-19T01:43:46.095Z",
    "updated": "2023-07-19T01:43:46.096Z",
    "status": "DF",
    "author": 1
  }
},
{
  "model": "blog.post",
  "pk": 15,
  "fields": {
    "title": "[DF] Title 10",
    "slug": "slug-10",
    "body": "This is Post #10",
    "publish": "2023-07-19T01:43:46.102Z",
    "created": "2023-07-19T01:43:46.102Z",
    "updated": "2023-07-19T01:43:46.102Z",
    "status": "DF",
    "author": 1
  }
},
{
  "model": "blog.post",
  "pk": 16,
  "fields": {
    "title": "[DF] Title 11",
    "slug": "slug-11",
    "body": "This is Post #11",
    "publish": "2023-07-19T01:43:46.110Z",
    "created": "2023-07-19T01:43:46.110Z",
    "updated": "2023-07-19T01:43:46.110Z",
    "status": "DF",
    "author": 1
  }
},
{
  "model": "blog.post",
  "pk": 17,
  "fields": {
    "title": "[PB] Title 12",
    "slug": "slug-12",
    "body": "This is Post #12",
    "publish": "2023-07-19T01:43:46.117Z",
    "created": "2023-07-19T01:43:46.117Z",
    "updated": "2023-07-19T01:43:46.117Z",
    "status": "PB",
    "author": 1
  }
},
{
  "model": "blog.post",
  "pk": 18,
  "fields": {
    "title": "[DF] Title 13",
    "slug": "slug-13",
    "body": "This is Post #13",
    "publish": "2023-07-19T01:43:46.125Z",
    "created": "2023-07-19T01:43:46.126Z",
    "updated": "2023-07-19T01:43:46.126Z",
    "status": "DF",
    "author": 1
  }
},
{
  "model": "blog.post",
  "pk": 19,
  "fields": {
    "title": "[DF] Title 14",
    "slug": "slug-14",
    "body": "This is Post #14",
    "publish": "2023-07-19T01:43:46.134Z",
    "created": "2023-07-19T01:43:46.134Z",
    "updated": "2023-07-19T01:43:46.134Z",
    "status": "DF",
    "author": 1
  }
},
{
  "model": "blog.post",
  "pk": 20,
  "fields": {
    "title": "[PB] Title 15",
    "slug": "slug-15",
    "body": "This is Post #15",
    "publish": "2023-07-19T01:43:46.141Z",
    "created": "2023-07-19T01:43:46.142Z",
    "updated": "2023-07-19T01:43:46.142Z",
    "status": "PB",
    "author": 1
  }
},
{
  "model": "blog.post",
  "pk": 21,
  "fields": {
    "title": "[PB] Title 16",
    "slug": "slug-16",
    "body": "This is Post #16",
    "publish": "2023-07-19T01:43:46.149Z",
    "created": "2023-07-19T01:43:46.150Z",
    "updated": "2023-07-19T01:43:46.150Z",
    "status": "PB",
    "author": 1
  }
},
{
  "model": "blog.post",
  "pk": 22,
  "fields": {
    "title": "[PB] Title 17",
    "slug": "slug-17",
    "body": "This is Post #17",
    "publish": "2023-07-19T01:43:46.158Z",
    "created": "2023-07-19T01:43:46.158Z",
    "updated": "2023-07-19T01:43:46.158Z",
    "status": "PB",
    "author": 1
  }
},
{
  "model": "blog.post",
  "pk": 23,
  "fields": {
    "title": "[PB] Title 18",
    "slug": "slug-18",
    "body": "This is Post #18",
    "publish": "2023-07-19T01:43:46.165Z",
    "created": "2023-07-19T01:43:46.165Z",
    "updated": "2023-07-19T01:43:46.165Z",
    "status": "PB",
    "author": 1
  }
},
{
  "model": "blog.post",
  "pk": 24,
  "fields": {
    "title": "[DF] Title 19",
    "slug": "slug-19",
    "body": "This is Post #19",
    "publish": "2023-07-19T01:43:46.172Z",
    "created": "2023-07-19T01:43:46.172Z",
    "updated": "2023-07-19T01:43:46.172Z",
    "status": "DF",
    "author": 1
  }
},
{
  "model": "blog.post",
  "pk": 25,
  "fields": {
    "title": "[PB] Title 20",
    "slug": "slug-20",
    "body": "This is Post #20",
    "publish": "2023-07-19T01:43:46.180Z",
    "created": "2023-07-19T01:43:46.180Z",
    "updated": "2023-07-19T01:43:46.180Z",
    "status": "PB",
    "author": 1
  }
},
{
  "model": "blog.post",
  "pk": 26,
  "fields": {
    "title": "[PB] Title 21",
    "slug": "slug-21",
    "body": "This is Post #21",
    "publish": "2023-07-19T01:43:46.187Z",
    "created": "2023-07-19T01:43:46.187Z",
    "updated": "2023-07-19T01:43:46.187Z",
    "status": "PB",
    "author": 1
  }
},
{
  "model": "blog.post",
  "pk": 27,
  "fields": {
    "title": "[DF] Title 22",
    "slug": "slug-22",
    "body": "This is Post #22",
    "publish": "2023-07-19T01:43:46.195Z",
    "created": "2023-07-19T01:43:46.195Z",
    "updated": "2023-07-19T01:43:46.195Z",
    "status": "DF",
    "author": 1
  }
},
{
  "model": "blog.post",
  "pk": 28,
  "fields": {
    "title": "[PB] Title 23",
    "slug": "slug-23",
    "body": "This is Post #23",
    "publish": "2023-07-19T01:43:46.203Z",
    "created": "2023-07-19T01:43:46.203Z",
    "updated": "2023-07-19T01:43:46.203Z",
    "status": "PB",
    "author": 1
  }
},
{
  "model": "blog.post",
  "pk": 29,
  "fields": {
    "title": "[DF] Title 24",
    "slug": "slug-24",
    "body": "This is Post #24",
    "publish": "2023-07-19T01:43:46.210Z",
    "created": "2023-07-19T01:43:46.211Z",
    "updated": "2023-07-19T01:43:46.211Z",
    "status": "DF",
    "author": 1
  }
},
{
  "model": "blog.post",
  "pk": 30,
  "fields": {
    "title": "[PB] Title 25",
    "slug": "slug-25",
    "body": "This is Post #25",
    "publish": "2023-07-19T01:43:46.218Z",
    "created": "2023-07-19T01:43:46.218Z",
    "updated": "2023-07-19T01:43:46.218Z",
    "status": "PB",
    "author": 1
  }
},
{
  "model": "blog.post",
  "pk": 31,
  "fields": {
    "title": "[DF] Title 26",
    "slug": "slug-26",
    "body": "This is Post #26",
    "publish": "2023-07-19T01:43:46.226Z",
    "created": "2023-07-19T01:43:46.226Z",
    "updated": "2023-07-19T01:43:46.226Z",
    "status": "DF",
    "author": 1
  }
},
{
  "model": "blog.post",
  "pk": 32,
  "fields": {
    "title": "[DF] Title 27",
    "slug": "slug-27",
    "body": "This is Post #27",
    "publish": "2023-07-19T01:43:46.234Z",
    "created": "2023-07-19T01:43:46.234Z",
    "updated": "2023-07-19T01:43:46.234Z",
    "status": "DF",
    "author": 1
  }
},
{
  "model": "blog.post",
  "pk": 33,
  "fields": {
    "title": "[PB] Title 28",
    "slug": "slug-28",
    "body": "This is Post #28",
    "publish": "2023-07-19T01:43:46.241Z",
    "created": "2023-07-19T01:43:46.241Z",
    "updated": "2023-07-19T01:43:46.241Z",
    "status": "PB",
    "author": 1
  }
},
{
  "model": "blog.post",
  "pk": 34,
  "fields": {
    "title": "[PB] Title 29",
    "slug": "slug-29",
    "body": "This is Post #29",
    "publish": "2023-07-19T01:43:46.249Z",
    "created": "2023-07-19T01:43:46.249Z",
    "updated": "2023-07-19T01:43:46.249Z",
    "status": "PB",
    "author": 1
  }
},
{
  "model": "blog.post",
  "pk": 35,
  "fields": {
    "title": "[DF] Title 30",
    "slug": "slug-30",
    "body": "This is Post #30",
    "publish": "2023-07-19T01:43:46.257Z",
    "created": "2023-07-19T01:43:46.258Z",
    "updated": "2023-07-19T01:43:46.258Z",
    "status": "DF",
    "author": 1
  }
},
{
  "model": "blog.post",
  "pk": 36,
  "fields": {
    "title": "[DF] Title 31",
    "slug": "slug-31",
    "body": "This is Post #31",
    "publish": "2023-07-19T01:43:46.265Z",
    "created": "2023-07-19T01:43:46.265Z",
    "updated": "2023-07-19T01:43:46.265Z",
    "status": "DF",
    "author": 1
  }
},
{
  "model": "blog.post",
  "pk": 37,
  "fields": {
    "title": "[PB] Title 32",
    "slug": "slug-32",
    "body": "This is Post #32",
    "publish": "2023-07-19T01:43:46.273Z",
    "created": "2023-07-19T01:43:46.273Z",
    "updated": "2023-07-19T01:43:46.273Z",
    "status": "PB",
    "author": 1
  }
},
{
  "model": "blog.post",
  "pk": 38,
  "fields": {
    "title": "[DF] Title 33",
    "slug": "slug-33",
    "body": "This is Post #33",
    "publish": "2023-07-19T01:43:46.280Z",
    "created": "2023-07-19T01:43:46.281Z",
    "updated": "2023-07-19T01:43:46.281Z",
    "status": "DF",
    "author": 1
  }
},
{
  "model": "blog.post",
  "pk": 39,
  "fields": {
    "title": "[PB] Title 34",
    "slug": "slug-34",
    "body": "This is Post #34",
    "publish": "2023-07-19T01:43:46.288Z",
    "created": "2023-07-19T01:43:46.288Z",
    "updated": "2023-07-19T01:43:46.288Z",
    "status": "PB",
    "author": 1
  }
},
{
  "model": "blog.post",
  "pk": 40,
  "fields": {
    "title": "[PB] Title 35",
    "slug": "slug-35",
    "body": "This is Post #35",
    "publish": "2023-07-19T01:43:46.296Z",
    "created": "2023-07-19T01:43:46.296Z",
    "updated": "2023-07-19T01:43:46.296Z",
    "status": "PB",
    "author": 1
  }
},
{
  "model": "blog.post",
  "pk": 41,
  "fields": {
    "title": "[PB] Title 36",
    "slug": "slug-36",
    "body": "This is Post #36",
    "publish": "2023-07-19T01:43:46.304Z",
    "created": "2023-07-19T01:43:46.304Z",
    "updated": "2023-07-19T01:43:46.304Z",
    "status": "PB",
    "author": 1
  }
},
{
  "model": "blog.post",
  "pk": 42,
  "fields": {
    "title": "[DF] Title 37",
    "slug": "slug-37",
    "body": "This is Post #37",
    "publish": "2023-07-19T01:43:46.311Z",
    "created": "2023-07-19T01:43:46.312Z",
    "updated": "2023-07-19T01:43:46.312Z",
    "status": "DF",
    "author": 1
  }
},
{
  "model": "blog.post",
  "pk": 43,
  "fields": {
    "title": "[PB] Title 38",
    "slug": "slug-38",
    "body": "This is Post #38",
    "publish": "2023-07-19T01:43:46.320Z",
    "created": "2023-07-19T01:43:46.320Z",
    "updated": "2023-07-19T01:43:46.320Z",
    "status": "PB",
    "author": 1
  }
},
{
  "model": "blog.post",
  "pk": 44,
  "fields": {
    "title": "[PB] Title 39",
    "slug": "slug-39",
    "body": "This is Post #39",
    "publish": "2023-07-19T01:43:46.327Z",
    "created": "2023-07-19T01:43:46.327Z",
    "updated": "2023-07-19T01:43:46.327Z",
    "status": "PB",
    "author": 1
  }
},
{
  "model": "blog.post",
  "pk": 45,
  "fields": {
    "title": "[DF] Title 40",
    "slug": "slug-40",
    "body": "This is Post #40",
    "publish": "2023-07-19T01:43:46.335Z",
    "created": "2023-07-19T01:43:46.335Z",
    "updated": "2023-07-19T01:43:46.335Z",
    "status": "DF",
    "author": 1
  }
},
{
  "model": "blog.post",
  "pk": 46,
  "fields": {
    "title": "[DF] Title 41",
    "slug": "slug-41",
    "body": "This is Post #41",
    "publish": "2023-07-19T01:43:46.342Z",
    "created": "2023-07-19T01:43:46.342Z",
    "updated": "2023-07-19T01:43:46.342Z",
    "status": "DF",
    "author": 1
  }
},
{
  "model": "blog.post",
  "pk": 47,
  "fields": {
    "title": "[PB] Title 42",
    "slug": "slug-42",
    "body": "This is Post #42",
    "publish": "2023-07-19T01:43:46.349Z",
    "created": "2023-07-19T01:43:46.350Z",
    "updated": "2023-07-19T01:43:46.350Z",
    "status": "PB",
    "author": 1
  }
},
{
  "model": "blog.post",
  "pk": 48,
  "fields": {
    "title": "[DF] Title 43",
    "slug": "slug-43",
    "body": "This is Post #43",
    "publish": "2023-07-19T01:43:46.357Z",
    "created": "2023-07-19T01:43:46.358Z",
    "updated": "2023-07-19T01:43:46.358Z",
    "status": "DF",
    "author": 1
  }
},
{
  "model": "blog.post",
  "pk": 49,
  "fields": {
    "title": "[DF] Title 44",
    "slug": "slug-44",
    "body": "This is Post #44",
    "publish": "2023-07-19T01:43:46.366Z",
    "created": "2023-07-19T01:43:46.366Z",
    "updated": "2023-07-19T01:43:46.366Z",
    "status": "DF",
    "author": 1
  }
},
{
  "model": "blog.post",
  "pk": 50,
  "fields": {
    "title": "[DF] Title 45",
    "slug": "slug-45",
    "body": "This is Post #45",
    "publish": "2023-07-19T01:43:46.373Z",
    "created": "2023-07-19T01:43:46.373Z",
    "updated": "2023-07-19T01:43:46.373Z",
    "status": "DF",
    "author": 1
  }
},
{
  "model": "blog.post",
  "pk": 51,
  "fields": {
    "title": "[DF] Title 46",
    "slug": "slug-46",
    "body": "This is Post #46",
    "publish": "2023-07-19T01:43:46.381Z",
    "created": "2023-07-19T01:43:46.381Z",
    "updated": "2023-07-19T01:43:46.382Z",
    "status": "DF",
    "author": 1
  }
},
{
  "model": "blog.post",
  "pk": 52,
  "fields": {
    "title": "[DF] Title 47",
    "slug": "slug-47",
    "body": "This is Post #47",
    "publish": "2023-07-19T01:43:46.389Z",
    "created": "2023-07-19T01:43:46.389Z",
    "updated": "2023-07-19T01:43:46.389Z",
    "status": "DF",
    "author": 1
  }
},
{
  "model": "blog.post",
  "pk": 53,
  "fields": {
    "title": "[PB] Title 48",
    "slug": "slug-48",
    "body": "This is Post #48",
    "publish": "2023-07-19T01:43:46.396Z",
    "created": "2023-07-19T01:43:46.397Z",
    "updated": "2023-07-19T01:43:46.397Z",
    "status": "PB",
    "author": 1
  }
},
{
  "model": "blog.post",
  "pk": 54,
  "fields": {
    "title": "[DF] Title 49",
    "slug": "slug-49",
    "body": "This is Post #49",
    "publish": "2023-07-19T01:43:46.404Z",
    "created": "2023-07-19T01:43:46.404Z",
    "updated": "2023-07-19T01:43:46.404Z",
    "status": "DF",
    "author": 1
  }
},
{
  "model": "blog.post",
  "pk": 55,
  "fields": {
    "title": "[DF] Title 50",
    "slug": "slug-50",
    "body": "This is Post #50",
    "publish": "2023-07-19T01:43:46.412Z",
    "created": "2023-07-19T01:43:46.412Z",
    "updated": "2023-07-19T01:43:46.412Z",
    "status": "DF",
    "author": 1
  }
},
{
  "model": "blog.post",
  "pk": 56,
  "fields": {
    "title": "[PB] Title 51",
    "slug": "slug-51",
    "body": "This is Post #51",
    "publish": "2023-07-19T01:43:46.419Z",
    "created": "2023-07-19T01:43:46.420Z",
    "updated": "2023-07-19T01:43:46.420Z",
    "status": "PB",
    "author": 1
  }
},
{
  "model": "blog.post",
  "pk": 57,
  "fields": {
    "title": "[PB] Title 52",
    "slug": "slug-52",
    "body": "This is Post #52",
    "publish": "2023-07-19T01:43:46.427Z",
    "created": "2023-07-19T01:43:46.428Z",
    "updated": "2023-07-19T01:43:46.428Z",
    "status": "PB",
    "author": 1
  }
},
{
  "model": "blog.post",
  "pk": 58,
  "fields": {
    "title": "[PB] Title 53",
    "slug": "slug-53",
    "body": "This is Post #53",
    "publish": "2023-07-19T01:43:46.435Z",
    "created": "2023-07-19T01:43:46.435Z",
    "updated": "2023-07-19T01:43:46.435Z",
    "status": "PB",
    "author": 1
  }
},
{
  "model": "blog.post",
  "pk": 59,
  "fields": {
    "title": "[PB] Title 54",
    "slug": "slug-54",
    "body": "This is Post #54",
    "publish": "2023-07-19T01:43:46.442Z",
    "created": "2023-07-19T01:43:46.443Z",
    "updated": "2023-07-19T01:43:46.443Z",
    "status": "PB",
    "author": 1
  }
},
{
  "model": "blog.post",
  "pk": 60,
  "fields": {
    "title": "[PB] Title 55",
    "slug": "slug-55",
    "body": "This is Post #55",
    "publish": "2023-07-19T01:43:46.450Z",
    "created": "2023-07-19T01:43:46.450Z",
    "updated": "2023-07-19T01:43:46.450Z",
    "status": "PB",
    "author": 1
  }
},
{
  "model": "blog.post",
  "pk": 61,
  "fields": {
    "title": "[PB] Title 56",
    "slug": "slug-56",
    "body": "This is Post #56",
    "publish": "2023-07-19T01:43:46.457Z",
    "created": "2023-07-19T01:43:46.457Z",
    "updated": "2023-07-19T01:43:46.457Z",
    "status": "PB",
    "author": 1
  }
},
{
  "model": "blog.post",
  "pk": 62,
  "fields": {
    "title": "[DF] Title 57",
    "slug": "slug-57",
    "body": "This is Post #57",
    "publish": "2023-07-19T01:43:46.465Z",
    "created": "2023-07-19T01:43:46.465Z",
    "updated": "2023-07-19T01:43:46.465Z",
    "status": "DF",
    "author": 1
  }
},
{
  "model": "blog.post",
  "pk": 63,
  "fields": {
    "title": "[DF] Title 58",
    "slug": "slug-58",
    "body": "This is Post #58",
    "publish": "2023-07-19T01:43:46.472Z",
    "created": "2023-07-19T01:43:46.472Z",
    "updated": "2023-07-19T01:43:46.472Z",
    "status": "DF",
    "author": 1
  }
},
{
  "model": "blog.post",
  "pk": 64,
  "fields": {
    "title": "[PB] Title 59",
    "slug": "slug-59",
    "body": "This is Post #59",
    "publish": "2023-07-19T01:43:46.480Z",
    "created": "2023-07-19T01:43:46.480Z",
    "updated": "2023-07-19T01:43:46.480Z",
    "status": "PB",
    "author": 1
  }
},
{
  "model": "blog.post",
  "pk": 65,
  "fields": {
    "title": "[DF] Title 60",
    "slug": "slug-60",
    "body": "This is Post #60",
    "publish": "2023-07-19T01:43:46.488Z",
    "created": "2023-07-19T01:43:46.488Z",
    "updated": "2023-07-19T01:43:46.488Z",
    "status": "DF",
    "author": 1
  }
},
{
  "model": "blog.post",
  "pk": 66,
  "fields": {
    "title": "[PB] Title 61",
    "slug": "slug-61",
    "body": "This is Post #61",
    "publish": "2023-07-19T01:43:46.497Z",
    "created": "2023-07-19T01:43:46.497Z",
    "updated": "2023-07-19T01:43:46.497Z",
    "status": "PB",
    "author": 1
  }
},
{
  "model": "blog.post",
  "pk": 67,
  "fields": {
    "title": "[DF] Title 62",
    "slug": "slug-62",
    "body": "This is Post #62",
    "publish": "2023-07-19T01:43:46.505Z",
    "created": "2023-07-19T01:43:46.505Z",
    "updated": "2023-07-19T01:43:46.505Z",
    "status": "DF",
    "author": 1
  }
},
{
  "model": "blog.post",
  "pk": 68,
  "fields": {
    "title": "[DF] Title 63",
    "slug": "slug-63",
    "body": "This is Post #63",
    "publish": "2023-07-19T01:43:46.513Z",
    "created": "2023-07-19T01:43:46.513Z",
    "updated": "2023-07-19T01:43:46.513Z",
    "status": "DF",
    "author": 1
  }
},
{
  "model": "blog.post",
  "pk": 69,
  "fields": {
    "title": "[PB] Title 64",
    "slug": "slug-64",
    "body": "This is Post #64",
    "publish": "2023-07-19T01:43:46.520Z",
    "created": "2023-07-19T01:43:46.521Z",
    "updated": "2023-07-19T01:43:46.521Z",
    "status": "PB",
    "author": 1
  }
},
{
  "model": "blog.post",
  "pk": 70,
  "fields": {
    "title": "[DF] Title 65",
    "slug": "slug-65",
    "body": "This is Post #65",
    "publish": "2023-07-19T01:43:46.528Z",
    "created": "2023-07-19T01:43:46.529Z",
    "updated": "2023-07-19T01:43:46.529Z",
    "status": "DF",
    "author": 1
  }
},
{
  "model": "blog.post",
  "pk": 71,
  "fields": {
    "title": "[PB] Title 66",
    "slug": "slug-66",
    "body": "This is Post #66",
    "publish": "2023-07-19T01:43:46.536Z",
    "created": "2023-07-19T01:43:46.536Z",
    "updated": "2023-07-19T01:43:46.536Z",
    "status": "PB",
    "author": 1
  }
},
{
  "model": "blog.post",
  "pk": 72,
  "fields": {
    "title": "[PB] Title 67",
    "slug": "slug-67",
    "body": "This is Post #67",
    "publish": "2023-07-19T01:43:46.544Z",
    "created": "2023-07-19T01:43:46.544Z",
    "updated": "2023-07-19T01:43:46.544Z",
    "status": "PB",
    "author": 1
  }
},
{
  "model": "blog.post",
  "pk": 73,
  "fields": {
    "title": "[PB] Title 68",
    "slug": "slug-68",
    "body": "This is Post #68",
    "publish": "2023-07-19T01:43:46.551Z",
    "created": "2023-07-19T01:43:46.551Z",
    "updated": "2023-07-19T01:43:46.551Z",
    "status": "PB",
    "author": 1
  }
},
{
  "model": "blog.post",
  "pk": 74,
  "fields": {
    "title": "[PB] Title 69",
    "slug": "slug-69",
    "body": "This is Post #69",
    "publish": "2023-07-19T01:43:46.559Z",
    "created": "2023-07-19T01:43:46.559Z",
    "updated": "2023-07-19T01:43:46.559Z",
    "status": "PB",
    "author": 1
  }
},
{
  "model": "blog.post",
  "pk": 75,
  "fields": {
    "title": "[DF] Title 70",
    "slug": "slug-70",
    "body": "This is Post #70",
    "publish": "2023-07-19T01:43:46.566Z",
    "created": "2023-07-19T01:43:46.566Z",
    "updated": "2023-07-19T01:43:46.566Z",
    "status": "DF",
    "author": 1
  }
},
{
  "model": "blog.post",
  "pk": 76,
  "fields": {
    "title": "[DF] Title 71",
    "slug": "slug-71",
    "body": "This is Post #71",
    "publish": "2023-07-19T01:43:46.574Z",
    "created": "2023-07-19T01:43:46.574Z",
    "updated": "2023-07-19T01:43:46.574Z",
    "status": "DF",
    "author": 1
  }
},
{
  "model": "blog.post",
  "pk": 77,
  "fields": {
    "title": "[PB] Title 72",
    "slug": "slug-72",
    "body": "This is Post #72",
    "publish": "2023-07-19T01:43:46.581Z",
    "created": "2023-07-19T01:43:46.582Z",
    "updated": "2023-07-19T01:43:46.582Z",
    "status": "PB",
    "author": 1
  }
},
{
  "model": "blog.post",
  "pk": 78,
  "fields": {
    "title": "[PB] Title 73",
    "slug": "slug-73",
    "body": "This is Post #73",
    "publish": "2023-07-19T01:43:46.589Z",
    "created": "2023-07-19T01:43:46.589Z",
    "updated": "2023-07-19T01:43:46.589Z",
    "status": "PB",
    "author": 1
  }
},
{
  "model": "blog.post",
  "pk": 79,
  "fields": {
    "title": "[PB] Title 74",
    "slug": "slug-74",
    "body": "This is Post #74",
    "publish": "2023-07-19T01:43:46.597Z",
    "created": "2023-07-19T01:43:46.597Z",
    "updated": "2023-07-19T01:43:46.597Z",
    "status": "PB",
    "author": 1
  }
},
{
  "model": "blog.post",
  "pk": 80,
  "fields": {
    "title": "[PB] Title 75",
    "slug": "slug-75",
    "body": "This is Post #75",
    "publish": "2023-07-19T01:43:46.605Z",
    "created": "2023-07-19T01:43:46.606Z",
    "updated": "2023-07-19T01:43:46.606Z",
    "status": "PB",
    "author": 1
  }
},
{
  "model": "blog.post",
  "pk": 81,
  "fields": {
    "title": "[DF] Title 76",
    "slug": "slug-76",
    "body": "This is Post #76",
    "publish": "2023-07-19T01:43:46.615Z",
    "created": "2023-07-19T01:43:46.615Z",
    "updated": "2023-07-19T01:43:46.615Z",
    "status": "DF",
    "author": 1
  }
},
{
  "model": "blog.post",
  "pk": 82,
  "fields": {
    "title": "[DF] Title 77",
    "slug": "slug-77",
    "body": "This is Post #77",
    "publish": "2023-07-19T01:43:46.650Z",
    "created": "2023-07-19T01:43:46.650Z",
    "updated": "2023-07-19T01:43:46.650Z",
    "status": "DF",
    "author": 1
  }
},
{
  "model": "blog.post",
  "pk": 83,
  "fields": {
    "title": "[DF] Title 78",
    "slug": "slug-78",
    "body": "This is Post #78",
    "publish": "2023-07-19T01:43:46.697Z",
    "created": "2023-07-19T01:43:46.698Z",
    "updated": "2023-07-19T01:43:46.698Z",
    "status": "DF",
    "author": 1
  }
},
{
  "model": "blog.post",
  "pk": 84,
  "fields": {
    "title": "[DF] Title 79",
    "slug": "slug-79",
    "body": "This is Post #79",
    "publish": "2023-07-19T01:43:46.741Z",
    "created": "2023-07-19T01:43:46.742Z",
    "updated": "2023-07-19T01:43:46.742Z",
    "status": "DF",
    "author": 1
  }
},
{
  "model": "blog.post",
  "pk": 85,
  "fields": {
    "title": "[DF] Title 80",
    "slug": "slug-80",
    "body": "This is Post #80",
    "publish": "2023-07-19T01:43:46.755Z",
    "created": "2023-07-19T01:43:46.755Z",
    "updated": "2023-07-19T01:43:46.755Z",
    "status": "DF",
    "author": 1
  }
},
{
  "model": "blog.post",
  "pk": 86,
  "fields": {
    "title": "[PB] Title 81",
    "slug": "slug-81",
    "body": "This is Post #81",
    "publish": "2023-07-19T01:43:46.763Z",
    "created": "2023-07-19T01:43:46.763Z",
    "updated": "2023-07-19T01:43:46.763Z",
    "status": "PB",
    "author": 1
  }
},
{
  "model": "blog.post",
  "pk": 87,
  "fields": {
    "title": "[PB] Title 82",
    "slug": "slug-82",
    "body": "This is Post #82",
    "publish": "2023-07-19T01:43:46.770Z",
    "created": "2023-07-19T01:43:46.770Z",
    "updated": "2023-07-19T01:43:46.770Z",
    "status": "PB",
    "author": 1
  }
},
{
  "model": "blog.post",
  "pk": 88,
  "fields": {
    "title": "[PB] Title 83",
    "slug": "slug-83",
    "body": "This is Post #83",
    "publish": "2023-07-19T01:43:46Z",
    "created": "2023-07-19T01:43:46.777Z",
    "updated": "2023-07-20T08:08:56.255Z",
    "status": "PB",
    "author": 1
  }
},
{
  "model": "blog.post",
  "pk": 89,
  "fields": {
    "title": "[DF] Title 84",
    "slug": "slug-84",
    "body": "This is Post #84",
    "publish": "2023-07-19T01:43:46.783Z",
    "created": "2023-07-19T01:43:46.784Z",
    "updated": "2023-07-19T01:43:46.784Z",
    "status": "DF",
    "author": 1
  }
},
{
  "model": "blog.post",
  "pk": 90,
  "fields": {
    "title": "[PB] Title 85",
    "slug": "slug-85",
    "body": "This is Post #85",
    "publish": "2023-07-19T01:43:46.790Z",
    "created": "2023-07-19T01:43:46.791Z",
    "updated": "2023-07-19T01:43:46.791Z",
    "status": "PB",
    "author": 1
  }
},
{
  "model": "blog.post",
  "pk": 91,
  "fields": {
    "title": "[DF] Title 86",
    "slug": "slug-86",
    "body": "This is Post #86",
    "publish": "2023-07-19T01:43:46.797Z",
    "created": "2023-07-19T01:43:46.798Z",
    "updated": "2023-07-19T01:43:46.798Z",
    "status": "DF",
    "author": 1
  }
},
{
  "model": "blog.post",
  "pk": 92,
  "fields": {
    "title": "[DF] Title 87",
    "slug": "slug-87",
    "body": "This is Post #87",
    "publish": "2023-07-19T01:43:46.805Z",
    "created": "2023-07-19T01:43:46.805Z",
    "updated": "2023-07-19T01:43:46.805Z",
    "status": "DF",
    "author": 1
  }
},
{
  "model": "blog.post",
  "pk": 93,
  "fields": {
    "title": "[PB] Title 88",
    "slug": "slug-88",
    "body": "This is Post #88",
    "publish": "2023-07-19T01:43:46.812Z",
    "created": "2023-07-19T01:43:46.812Z",
    "updated": "2023-07-19T01:43:46.812Z",
    "status": "PB",
    "author": 1
  }
},
{
  "model": "blog.post",
  "pk": 94,
  "fields": {
    "title": "[PB] Title 89",
    "slug": "slug-89",
    "body": "This is Post #89",
    "publish": "2023-07-19T01:43:46.818Z",
    "created": "2023-07-19T01:43:46.819Z",
    "updated": "2023-07-19T01:43:46.819Z",
    "status": "PB",
    "author": 1
  }
},
{
  "model": "blog.post",
  "pk": 95,
  "fields": {
    "title": "[PB] Title 90",
    "slug": "slug-90-update",
    "body": "This is Post #90",
    "publish": "2023-07-19T01:43:46Z",
    "created": "2023-07-19T01:43:46.826Z",
    "updated": "2023-07-20T04:55:54.663Z",
    "status": "PB",
    "author": 1
  }
},
{
  "model": "blog.post",
  "pk": 96,
  "fields": {
    "title": "[PB] Title 91",
    "slug": "slug-91",
    "body": "This is Post #91",
    "publish": "2023-07-19T01:43:46Z",
    "created": "2023-07-19T01:43:46.835Z",
    "updated": "2023-07-20T04:48:56.114Z",
    "status": "PB",
    "author": 1
  }
},
{
  "model": "blog.post",
  "pk": 97,
  "fields": {
    "title": "[PB] Title 92",
    "slug": "slug-92",
    "body": "This is Post #92",
    "publish": "2023-07-19T01:43:46Z",
    "created": "2023-07-19T01:43:46.842Z",
    "updated": "2023-07-20T02:05:45.778Z",
    "status": "PB",
    "author": 1
  }
},
{
  "model": "blog.post",
  "pk": 98,
  "fields": {
    "title": "[DF] Title 93",
    "slug": "slug-93",
    "body": "This is Post #93",
    "publish": "2023-07-19T01:43:46.849Z",
    "created": "2023-07-19T01:43:46.849Z",
    "updated": "2023-07-19T01:43:46.849Z",
    "status": "DF",
    "author": 1
  }
},
{
  "model": "blog.post",
  "pk": 99,
  "fields": {
    "title": "[DF] Title 94",
    "slug": "slug-94",
    "body": "This is Post #94",
    "publish": "2023-07-19T01:43:46.856Z",
    "created": "2023-07-19T01:43:46.856Z",
    "updated": "2023-07-19T01:43:46.857Z",
    "status": "DF",
    "author": 1
  }
},
{
  "model": "blog.post",
  "pk": 100,
  "fields": {
    "title": "[PB] Title 95",
    "slug": "slug-95",
    "body": "This is Post #95",
    "publish": "2023-07-19T01:43:46Z",
    "created": "2023-07-19T01:43:46.864Z",
    "updated": "2023-07-20T02:05:17.659Z",
    "status": "PB",
    "author": 1
  }
},
{
  "model": "blog.post",
  "pk": 101,
  "fields": {
    "title": "[PB] Title 96",
    "slug": "slug-96",
    "body": "This is Post #96",
    "publish": "2023-07-19T01:43:46Z",
    "created": "2023-07-19T01:43:46.872Z",
    "updated": "2023-07-20T02:05:13.387Z",
    "status": "PB",
    "author": 1
  }
},
{
  "model": "blog.post",
  "pk": 102,
  "fields": {
    "title": "[DF] Title 97",
    "slug": "slug-97",
    "body": "This is Post #97",
    "publish": "2023-07-19T01:43:46.879Z",
    "created": "2023-07-19T01:43:46.880Z",
    "updated": "2023-07-19T01:43:46.880Z",
    "status": "DF",
    "author": 1
  }
},
{
  "model": "blog.post",
  "pk": 103,
  "fields": {
    "title": "[DF] Title 98",
    "slug": "slug-98",
    "body": "This is Post #98",
    "publish": "2023-07-19T01:43:46Z",
    "created": "2023-07-19T01:43:46.887Z",
    "updated": "2023-07-20T01:48:04.148Z",
    "status": "DF",
    "author": 1
  }
},
{
  "model": "blog.post",
  "pk": 104,
  "fields": {
    "title": "[PB] Title 99",
    "slug": "slug-99",
    "body": "This is Post #99",
    "publish": "2023-07-19T01:43:46Z",
    "created": "2023-07-19T01:43:46.895Z",
    "updated": "2023-07-20T01:48:59.979Z",
    "status": "PB",
    "author": 1
  }
},
{
  "model": "blog.post",
  "pk": 105,
  "fields": {
    "title": "Markdown post",
    "slug": "markdown-post",
    "body": "This is a post formatted with markdown\r\n--------------------------------------\r\n\r\n*This is emphasized* and **this is more emphasized**.\r\n\r\nHere is a list:\r\n\r\n* One\r\n* Two\r\n* Three\r\n\r\nAnd a [link to the Django website](https://www.djangoproject.com/).",
    "publish": "2023-07-20T05:19:08Z",
    "created": "2023-07-20T05:19:45.769Z",
    "updated": "2023-07-20T05:19:45.769Z",
    "status": "PB",
    "author": 1
  }
},
{
  "model": "blog.comment",
  "pk": 1,
  "fields": {
    "post": 104,
    "name": "홍길동",
    "email": "email@email.com",
    "body": "코멘트 답니다",
    "created": "2023-07-19T06:02:42.065Z",
    "updated": "2023-07-19T06:32:43.181Z",
    "active": true
  }
},
{
  "model": "blog.comment",
  "pk": 2,
  "fields": {
    "post": 100,
    "name": "asd",
    "email": "asd@asd.asd",
    "body": "asd",
    "created": "2023-07-19T06:38:29.218Z",
    "updated": "2023-07-19T06:38:29.218Z",
    "active": true
  }
},
{
  "model": "blog.comment",
  "pk": 3,
  "fields": {
    "post": 88,
    "name": "asdasd",
    "email": "asd@asd.asd",
    "body": "asdasd",
    "created": "2023-07-19T06:39:06.684Z",
    "updated": "2023-07-19T06:39:06.684Z",
    "active": true
  }
},
{
  "model": "blog.comment",
  "pk": 4,
  "fields": {
    "post": 79,
    "name": "홍길동",
    "email": "asd@asd.com",
    "body": "새로운댓글",
    "created": "2023-07-20T08:12:16.105Z",
    "updated": "2023-07-20T08:12:16.106Z",
    "active": true
  }
},
{
  "model": "blog.comment",
  "pk": 5,
  "fields": {
    "post": 1,
    "name": "홍길동",
    "email": "asd@asd.com",
    "body": "댓글1",
    "created": "2023-07-20T08:12:52.909Z",
    "updated": "2023-07-20T08:12:52.909Z",
    "active": true
  }
},
{
  "model": "blog.comment",
  "pk": 6,
  "fields": {
    "post": 1,
    "name": "홍길동2",
    "email": "asd@asd.com",
    "body": "댓글2",
    "created": "2023-07-20T08:13:05.564Z",
    "updated": "2023-07-20T08:13:05.564Z",
    "active": true
  }
},
{
  "model": "taggit.tag",
  "pk": 1,
  "fields": {
    "name": "98",
    "slug": "98"
  }
},
{
  "model": "taggit.tag",
  "pk": 2,
  "fields": {
    "name": "99",
    "slug": "99"
  }
},
{
  "model": "taggit.tag",
  "pk": 3,
  "fields": {
    "name": "tag",
    "slug": "tag"
  }
},
{
  "model": "taggit.tag",
  "pk": 4,
  "fields": {
    "name": "tag1",
    "slug": "tag1"
  }
},
{
  "model": "taggit.tag",
  "pk": 5,
  "fields": {
    "name": "tag2",
    "slug": "tag2"
  }
},
{
  "model": "taggit.tag",
  "pk": 6,
  "fields": {
    "name": "한글태그",
    "slug": "한글태그"
  }
},
{
  "model": "taggit.tag",
  "pk": 7,
  "fields": {
    "name": "여러개",
    "slug": "여러개"
  }
},
{
  "model": "taggit.tag",
  "pk": 8,
  "fields": {
    "name": "태그",
    "slug": "태그"
  }
},
{
  "model": "taggit.tag",
  "pk": 9,
  "fields": {
    "name": "한글",
    "slug": "한글"
  }
},
{
  "model": "taggit.tag",
  "pk": 10,
  "fields": {
    "name": "markdown",
    "slug": "markdown"
  }
},
{
  "model": "taggit.tag",
  "pk": 11,
  "fields": {
    "name": "태그추가",
    "slug": "태그추가"
  }
},
{
  "model": "taggit.taggeditem",
  "pk": 1,
  "fields": {
    "tag": 1,
    "content_type": 7,
    "object_id": 103
  }
},
{
  "model": "taggit.taggeditem",
  "pk": 2,
  "fields": {
    "tag": 2,
    "content_type": 7,
    "object_id": 104
  }
},
{
  "model": "taggit.taggeditem",
  "pk": 3,
  "fields": {
    "tag": 3,
    "content_type": 7,
    "object_id": 101
  }
},
{
  "model": "taggit.taggeditem",
  "pk": 4,
  "fields": {
    "tag": 3,
    "content_type": 7,
    "object_id": 100
  }
},
{
  "model": "taggit.taggeditem",
  "pk": 5,
  "fields": {
    "tag": 4,
    "content_type": 7,
    "object_id": 97
  }
},
{
  "model": "taggit.taggeditem",
  "pk": 6,
  "fields": {
    "tag": 5,
    "content_type": 7,
    "object_id": 97
  }
},
{
  "model": "taggit.taggeditem",
  "pk": 7,
  "fields": {
    "tag": 6,
    "content_type": 7,
    "object_id": 96
  }
},
{
  "model": "taggit.taggeditem",
  "pk": 8,
  "fields": {
    "tag": 8,
    "content_type": 7,
    "object_id": 95
  }
},
{
  "model": "taggit.taggeditem",
  "pk": 9,
  "fields": {
    "tag": 9,
    "content_type": 7,
    "object_id": 95
  }
},
{
  "model": "taggit.taggeditem",
  "pk": 10,
  "fields": {
    "tag": 7,
    "content_type": 7,
    "object_id": 95
  }
},
{
  "model": "taggit.taggeditem",
  "pk": 11,
  "fields": {
    "tag": 10,
    "content_type": 7,
    "object_id": 105
  }
},
{
  "model": "taggit.taggeditem",
  "pk": 12,
  "fields": {
    "tag": 11,
    "content_type": 7,
    "object_id": 88
  }
},
{
  "model": "sites.site",
  "pk": 1,
  "fields": {
    "domain": "localhost:8000",
    "name": "localhost:8000"
  }
}
]
